{"n_samples":70,"boundary_frequencies":{"(8, 7)|(8, 8)":0.12857142857142856,"(7, 7)|(7, 8)":0.18571428571428572,"(4, 7)|(5, 7)":0.15714285714285714,"(3, 4)|(3, 5)":0.22857142857142856,"(2, 3)|(2, 4)":0.21428571428571427,"(5, 4)|(6, 4)":0.2714285714285714,"(9, 8)|(9, 9)":0.07142857142857142,"(3, 7)|(3, 8)":0.21428571428571427,"(4, 4)|(4, 5)":0.21428571428571427,"(8, 8)|(9, 8)":0.11428571428571428,"(5, 3)|(6, 3)":0.32857142857142857,"(6, 6)|(7, 6)":0.34285714285714286,"(8, 1)|(8, 2)":0.11428571428571428,"(1, 7)|(1, 8)":0.15714285714285714,"(8, 2)|(9, 2)":0.07142857142857142,"(4, 7)|(4, 8)":0.11428571428571428,"(4, 6)|(5, 6)":0.3142857142857143,"(4, 5)|(5, 5)":0.2714285714285714,"(2, 4)|(3, 4)":0.2857142857142857,"(5, 6)|(6, 6)":0.21428571428571427,"(9, 2)|(9, 3)":0.1,"(0, 7)|(0, 8)":0.07142857142857142,"(6, 5)|(7, 5)":0.15714285714285714,"(6, 7)|(7, 7)":0.17142857142857143,"(2, 7)|(2, 8)":0.18571428571428572,"(6, 1)|(6, 2)":0.15714285714285714,"(6, 4)|(6, 5)":0.3,"(6, 6)|(6, 7)":0.2714285714285714,"(7, 1)|(7, 2)":0.14285714285714285,"(5, 2)|(6, 2)":0.2857142857142857,"(1, 3)|(1, 4)":0.08571428571428572,"(0, 3)|(0, 4)":0.1,"(5, 5)|(5, 6)":0.34285714285714286,"(7, 8)|(8, 8)":0.1,"(6, 2)|(6, 3)":0.24285714285714285,"(7, 6)|(7, 7)":0.3,"(6, 5)|(6, 6)":0.3142857142857143,"(2, 2)|(3, 2)":0.08571428571428572,"(1, 1)|(2, 1)":0.11428571428571428,"(5, 5)|(6, 5)":0.2571428571428571,"(2, 1)|(2, 2)":0.1,"(7, 0)|(8, 0)":0.05714285714285714,"(7, 7)|(8, 7)":0.18571428571428572,"(3, 0)|(3, 1)":0.07142857142857142,"(5, 0)|(6, 0)":0.18571428571428572,"(8, 2)|(8, 3)":0.1,"(2, 0)|(2, 1)":0.05714285714285714,"(5, 2)|(5, 3)":0.24285714285714285,"(4, 3)|(5, 3)":0.3,"(8, 8)|(8, 9)":0.07142857142857142,"(7, 2)|(7, 3)":0.17142857142857143,"(8, 1)|(9, 1)":0.07142857142857142,"(3, 2)|(3, 3)":0.21428571428571427,"(4, 0)|(4, 1)":0.1,"(8, 0)|(8, 1)":0.1,"(5, 0)|(5, 1)":0.17142857142857143,"(3, 3)|(4, 3)":0.2,"(4, 3)|(4, 4)":0.2857142857142857,"(8, 4)|(9, 4)":0.12857142857142856,"(4, 9)|(5, 9)":0.1,"(3, 2)|(4, 2)":0.22857142857142856,"(9, 3)|(9, 4)":0.17142857142857143,"(5, 8)|(6, 8)":0.12857142857142856,"(8, 4)|(8, 5)":0.17142857142857143,"(7, 3)|(7, 4)":0.2,"(6, 3)|(6, 4)":0.22857142857142856,"(7, 4)|(8, 4)":0.14285714285714285,"(5, 8)|(5, 9)":0.12857142857142856,"(4, 2)|(4, 3)":0.1,"(5, 7)|(6, 7)":0.2571428571428571,"(3, 1)|(3, 2)":0.12857142857142856,"(2, 0)|(3, 0)":0.15714285714285714,"(7, 3)|(8, 3)":0.2,"(0, 4)|(0, 5)":0.15714285714285714,"(2, 7)|(3, 7)":0.2714285714285714,"(3, 9)|(4, 9)":0.17142857142857143,"(1, 4)|(1, 5)":0.18571428571428572,"(2, 6)|(3, 6)":0.35714285714285715,"(3, 3)|(3, 4)":0.22857142857142856,"(3, 4)|(4, 4)":0.24285714285714285,"(2, 5)|(3, 5)":0.15714285714285714,"(3, 8)|(4, 8)":0.2,"(7, 9)|(8, 9)":0.08571428571428572,"(2, 4)|(2, 5)":0.2857142857142857,"(2, 6)|(2, 7)":0.1,"(5, 7)|(5, 8)":0.14285714285714285,"(3, 7)|(4, 7)":0.2714285714285714,"(1, 6)|(1, 7)":0.02857142857142857,"(0, 6)|(0, 7)":0.05714285714285714,"(3, 6)|(3, 7)":0.1,"(7, 2)|(8, 2)":0.14285714285714285,"(7, 5)|(8, 5)":0.21428571428571427,"(1, 3)|(2, 3)":0.2857142857142857,"(8, 7)|(9, 7)":0.08571428571428572,"(5, 1)|(5, 2)":0.22857142857142856,"(1, 2)|(2, 2)":0.12857142857142856,"(4, 1)|(4, 2)":0.24285714285714285,"(7, 6)|(8, 6)":0.24285714285714285,"(9, 6)|(9, 7)":0.18571428571428572,"(1, 4)|(2, 4)":0.22857142857142856,"(4, 1)|(5, 1)":0.2,"(3, 5)|(3, 6)":0.24285714285714285,"(5, 4)|(5, 5)":0.21428571428571427,"(9, 4)|(9, 5)":0.08571428571428572,"(3, 5)|(4, 5)":0.24285714285714285,"(7, 5)|(7, 6)":0.22857142857142856,"(1, 5)|(2, 5)":0.2,"(9, 0)|(9, 1)":0.02857142857142857,"(3, 1)|(4, 1)":0.14285714285714285,"(0, 5)|(1, 5)":0.07142857142857142,"(5, 3)|(5, 4)":0.21428571428571427,"(1, 5)|(1, 6)":0.12857142857142856,"(0, 4)|(1, 4)":0.07142857142857142,"(3, 0)|(4, 0)":0.11428571428571428,"(6, 8)|(6, 9)":0.07142857142857142,"(7, 4)|(7, 5)":0.3,"(1, 6)|(2, 6)":0.07142857142857142,"(6, 9)|(7, 9)":0.1,"(5, 6)|(5, 7)":0.12857142857142856,"(3, 6)|(4, 6)":0.11428571428571428,"(5, 1)|(6, 1)":0.24285714285714285,"(2, 3)|(3, 3)":0.21428571428571427,"(4, 6)|(4, 7)":0.21428571428571427,"(4, 5)|(4, 6)":0.2857142857142857,"(2, 5)|(2, 6)":0.08571428571428572,"(2, 1)|(3, 1)":0.08571428571428572,"(8, 6)|(8, 7)":0.15714285714285714,"(6, 3)|(7, 3)":0.21428571428571427,"(9, 5)|(9, 6)":0.1,"(8, 3)|(8, 4)":0.11428571428571428,"(4, 2)|(5, 2)":0.2857142857142857,"(8, 6)|(9, 6)":0.08571428571428572,"(4, 0)|(5, 0)":0.15714285714285714,"(2, 9)|(3, 9)":0.05714285714285714,"(2, 8)|(3, 8)":0.17142857142857143,"(1, 7)|(2, 7)":0.08571428571428572,"(1, 2)|(1, 3)":0.17142857142857143,"(1, 8)|(2, 8)":0.11428571428571428,"(0, 1)|(0, 2)":0.08571428571428572,"(8, 5)|(8, 6)":0.17142857142857143,"(0, 2)|(1, 2)":0.07142857142857142,"(1, 9)|(2, 9)":0.12857142857142856,"(1, 1)|(1, 2)":0.05714285714285714,"(6, 2)|(7, 2)":0.11428571428571428,"(5, 9)|(6, 9)":0.07142857142857142,"(2, 8)|(2, 9)":0.12857142857142856,"(6, 0)|(6, 1)":0.05714285714285714,"(8, 0)|(9, 0)":0.08571428571428572,"(7, 1)|(8, 1)":0.08571428571428572,"(0, 2)|(0, 3)":0.12857142857142856,"(7, 0)|(7, 1)":0.07142857142857142,"(2, 2)|(2, 3)":0.17142857142857143,"(4, 8)|(5, 8)":0.12857142857142856,"(0, 1)|(1, 1)":0.04285714285714286,"(1, 0)|(1, 1)":0.04285714285714286,"(0, 5)|(0, 6)":0.08571428571428572,"(6, 4)|(7, 4)":0.2,"(6, 8)|(7, 8)":0.17142857142857143,"(4, 8)|(4, 9)":0.07142857142857142,"(7, 8)|(7, 9)":0.05714285714285714,"(8, 9)|(9, 9)":0.05714285714285714,"(0, 8)|(1, 8)":0.08571428571428572,"(0, 9)|(1, 9)":0.04285714285714286,"(0, 3)|(1, 3)":0.02857142857142857,"(6, 7)|(6, 8)":0.07142857142857142,"(9, 1)|(9, 2)":0.05714285714285714,"(0, 7)|(1, 7)":0.02857142857142857,"(0, 6)|(1, 6)":0.02857142857142857,"(1, 8)|(1, 9)":0.02857142857142857,"(4, 4)|(5, 4)":0.18571428571428572,"(8, 3)|(9, 3)":0.014285714285714285,"(0, 0)|(0, 1)":0.014285714285714285,"(1, 0)|(2, 0)":0.04285714285714286,"(0, 8)|(0, 9)":0.04285714285714286,"(8, 5)|(9, 5)":0.04285714285714286,"(9, 7)|(9, 8)":0.04285714285714286,"(3, 8)|(3, 9)":0.014285714285714285,"(6, 1)|(7, 1)":0.07142857142857142,"(6, 0)|(7, 0)":0.05714285714285714,"(0, 0)|(1, 0)":0.014285714285714285},"facility_frequencies":{"(8, 4)":0.32857142857142857,"(3, 9)":0.04285714285714286,"(2, 6)":0.1,"(4, 2)":0.04285714285714286,"(4, 5)":0.12857142857142856,"(6, 2)":0.22857142857142856,"(7, 7)":0.2714285714285714,"(1, 4)":0.1,"(5, 4)":0.15714285714285714,"(5, 7)":0.04285714285714286,"(1, 7)":0.22857142857142856,"(4, 6)":0.14285714285714285,"(2, 1)":0.11428571428571428,"(3, 1)":0.1,"(6, 8)":0.14285714285714285,"(2, 2)":0.24285714285714285,"(5, 3)":0.02857142857142857,"(7, 5)":0.08571428571428572,"(7, 1)":0.11428571428571428,"(0, 6)":0.04285714285714286,"(4, 0)":0.1,"(8, 6)":0.11428571428571428,"(7, 3)":0.1,"(1, 3)":0.05714285714285714,"(0, 4)":0.02857142857142857,"(3, 5)":0.07142857142857142,"(0, 7)":0.04285714285714286,"(6, 9)":0.04285714285714286,"(9, 8)":0.014285714285714285},"super_facility_frequencies":{"(3, 1)":0.02857142857142857,"(5, 7)":0.08571428571428572,"(5, 4)":0.8142857142857143,"(4, 6)":0.02857142857142857,"(8, 4)":0.02857142857142857,"(3, 5)":0.02857142857142857,"(6, 2)":0.05714285714285714,"(4, 2)":0.02857142857142857,"(8, 6)":0.04285714285714286,"(2, 2)":0.02857142857142857,"(4, 5)":0.04285714285714286,"(1, 3)":0.014285714285714285,"(7, 3)":0.014285714285714285},"robust_boundaries":{},"fragile_boundaries":{"(8, 7)|(8, 8)":0.12857142857142856,"(7, 7)|(7, 8)":0.18571428571428572,"(4, 7)|(5, 7)":0.15714285714285714,"(3, 4)|(3, 5)":0.22857142857142856,"(2, 3)|(2, 4)":0.21428571428571427,"(5, 4)|(6, 4)":0.2714285714285714,"(9, 8)|(9, 9)":0.07142857142857142,"(3, 7)|(3, 8)":0.21428571428571427,"(4, 4)|(4, 5)":0.21428571428571427,"(8, 8)|(9, 8)":0.11428571428571428,"(5, 3)|(6, 3)":0.32857142857142857,"(6, 6)|(7, 6)":0.34285714285714286,"(8, 1)|(8, 2)":0.11428571428571428,"(1, 7)|(1, 8)":0.15714285714285714,"(8, 2)|(9, 2)":0.07142857142857142,"(4, 7)|(4, 8)":0.11428571428571428,"(4, 6)|(5, 6)":0.3142857142857143,